time_s,Engine speed (rpm),Coolant temp (°C),Oil temp [UNVERIFIED placeholder] (°C),Intake air temp (post-IC) (°C),Manifold pressure (abs) (kPa),Barometric pressure (kPa),Fuel rail pressure (HPFP) (kPa),Engine load (%),Throttle position (%),Vehicle speed (km/h),Module voltage (V)
0.0,764.901424590337,84.9551321528564,80.02435501472233,34.59531299777993,105.91433555067398,101.40057982793641,5280.823829784422,4.770527117066202,0.0,0.743264094022715,13.940938882187742
0.25,745.8520709648644,85.91906193274137,79.78627267134405,35.65421162028058,107.98514985188051,101.44164393577307,5462.671749219847,6.0099745579609145,0.2034636358672231,0.17086543812794186,13.976896595920627
0.5,769.4306561430208,85.05783038283526,80.015473103929,36.33917363204548,103.36512935447347,101.17054751314795,5299.179933204395,6.731510388340243,0.0,0.0,13.843872759687779
0.75,795.6908956922407,86.49155954548525,79.77568903621187,35.49048645174085,103.89804004712548,101.59334690073763,5011.467420475416,2.5994071858884475,0.0,0.01843393306539316,13.854124858949286
1.0,742.9753987582999,85.76413224163136,81.86934353386201,35.88544610867755,102.96318100350952,101.06254817168873,5192.590280222444,4.330997528318103,0.0,0.34758170536167105,13.950883073342174
1.25,742.9758912915246,85.2600239589267,80.27394563103678,37.1529696283529,104.00679174387926,101.73564864872861,4979.685782912822,4.050109377678088,0.0,0.0,13.91357476554128
1.5,797.3763844652217,86.22876153577042,80.80352126880462,36.13553164475666,106.80953010131371,100.62701015987662,5545.669746852647,3.693341534852576,1.6871416350725648,0.0,13.927573813761974
1.75,773.0230418745873,86.01159777314359,80.98556939382118,38.22461551642235,104.22727938551779,101.3631897897732,5126.970874167161,8.530908480562193,0.8816397569494505,0.19584525509768155,13.917029460820023
2.0,735.9157684219514,86.95799484676165,82.14928000037622,36.716432052749106,106.13605204492414,102.26946449952914,5289.024756368521,5.809963421921911,0.0,0.0,13.919534796046406
2.25,766.2768013075789,86.39506430492423,81.62944303481096,34.984086858345826,102.9883133501433,100.7998343376972,5474.945228698731,2.4782320913299096,1.4799441388900259,0.40825275571447184,13.833676393584444
2.5,736.0974692156261,86.68015992267343,82.74753487787116,37.177247566710726,106.69124133861231,100.96112751473757,5323.058645228752,6.835723894109552,0.0773683076476183,0.0,13.952365885331071
2.75,736.0281073928923,86.13854692859667,81.78567474362674,37.05839290232815,107.25051609145096,101.55695392482946,5467.915194636121,9.244312394025266,0.0,1.0291556373256436,13.958479499621387
3.0,757.2588681469811,87.0354381060323,82.5464610464353,37.90309544331084,106.09082501288732,101.38979089096979,5266.524650410188,7.064930521102294,1.5231240772696573,0.472597482413043,13.888530462796597
3.25,707.6663803975144,86.2261517182743,82.06558084068703,37.518232920154944,102.20428990746831,101.47531504963678,5022.421014795302,2.1940795149403565,0.7991200136916752,0.5847160122174754,13.897826152509305
3.5,758.3465630066435,86.82088388028103,84.04004520196344,37.02729983290624,104.92443927078993,101.54459356507382,5473.421259575717,4.960258823080757,0.0007428108177756076,2.293834939917175,13.823444624872213
3.75,867.7259543110985,88.16604779957099,82.2250183839674,36.3533607401135,106.87092453453229,101.61736073428088,5094.193784979901,9.613920355829219,2.134476797896597,4.602083466753362,13.92571273780089
4.0,957.3650578728148,88.3500243000012,83.30655945006254,37.2720633094717,107.14259522713333,101.85484992097811,5658.721725477415,7.258979118951899,3.2309725085917,6.201642606462077,14.228602872085707
4.25,1127.8575595706518,88.3394324489648,83.68250333411059,36.95994692142209,107.8994293416711,101.50490932846425,5424.660626128548,11.581559195453812,4.980993589274826,6.197601541602035,14.196890449150034
4.5,1247.9625432032583,87.81110770020996,83.73058004784446,37.374168928440106,110.54464927109805,101.17937117269072,5957.648366437394,14.666045845923406,9.997870314721638,10.179403370767451,14.256217667993525
4.75,1413.9826188971072,88.43696164306176,83.54969708454036,38.426431144189756,110.02988301450665,101.63628685060137,5863.3682433137565,14.06248397405458,14.110037430293904,14.786491893660665,14.183296138451002
5.0,1703.8602955807862,88.62358366889508,83.76006445789459,39.548476691582664,115.3047554541808,102.2499409674476,6601.738855404903,18.942898517624922,14.31772862413509,19.878254668679336,14.22823029629468
5.25,1876.8172671811028,88.20913273599999,84.03986136395729,38.57222543811687,110.77854779988502,101.23368312680871,5836.329334816796,16.036592097431743,20.143169752798094,25.25054388292073,14.149016783065393
5.5,2127.025846140638,89.70132319163402,84.09953348373284,37.68488837270321,112.6739214757532,100.81273534766467,7235.465869413729,24.201224717331417,23.099357430878168,29.27425618684653,14.198822392456288
5.75,2338.731785955145,89.54800909522115,84.93877705416054,39.35398279123378,121.57155640560977,101.85354033464348,8319.56841441398,29.70855636649216,27.69288407013478,35.78256817992905,14.191282287104858
6.0,2633.871783733139,89.15696069175411,85.85804497400527,40.17811828104802,119.00393779181029,101.2398094180232,7966.062512860595,31.871211375135033,32.229298842951124,40.70359740514983,14.211265396102046
6.25,2931.570527942458,89.43742725806916,84.36709627522943,39.43941560522906,124.39016116788486,100.21366522699297,9924.888700886748,41.92857574810851,36.76020391647662,46.9137807479425,14.181523653558331
6.5,3178.016918691284,89.68315968790245,84.0481601118008,39.815485154932716,124.94857343063204,101.7237108385752,9455.009179665552,40.197257555203464,42.58341962273129,52.32163110709257,14.193426370216416
6.75,3511.2709405503706,88.7115426790508,84.98412530200481,40.48618775876426,131.0659396627429,101.03233590702304,10814.848181258476,46.61991102660604,46.66904988358897,59.07676675388911,14.241302358572074
7.0,3769.434113288482,89.7607364796252,86.75058644417305,40.39000001238327,129.37358654394833,101.25473335884791,11793.167685165527,52.203940843447434,52.73555883099336,64.92002319044286,14.17816178813809
7.25,4063.006337255039,89.6937365244298,84.88484759513253,42.26009998072614,141.7038890285067,101.46599016528451,13074.49721962674,59.21879343788699,57.32556720439441,71.4988281960882,14.119671144963066
7.5,4331.745536164223,89.68282558141819,86.51345050648132,41.60275953955214,137.63623382863446,101.39524983988953,12999.449840067,57.76149795857639,61.939359185943594,79.59466145910469,14.28747919521027
7.75,4674.094113993719,90.19051072907124,86.69817690644383,43.05980278205902,142.2571651807821,101.65472590856952,15257.308332033084,67.11263483503141,65.9124268840589,83.45479969571606,14.269072703934524
8.0,4874.595083257861,91.37586252195095,85.51963859585898,42.280862790311836,142.26219548701414,101.08225681471508,15227.209323008141,68.77046612203917,70.67322866943165,92.63238206483737,14.135386865244719
8.25,5084.678115935623,90.94194676199498,86.35208676688696,42.9179569766845,144.29559756357503,101.55655289908803,15803.0667385456,70.5178559203342,76.17519070971822,95.76043303842926,14.23448539026226
8.5,5364.785514849955,90.47900404985641,87.1453215625107,44.67202509139985,148.06926493504386,101.17022666120803,16870.826190797125,76.86225771877801,79.78462098967013,100.33267250522636,14.174851261472432
8.75,5507.022960563703,91.1925295963038,86.0970858476467,44.19739043925848,150.32629330373055,101.66940524044375,17563.51811718135,79.48177447393618,81.82182396537767,103.73033174846245,14.213174360766553
9.0,5731.062642381247,91.74615119687238,86.35739626689563,46.10067894044508,150.8507635449823,101.60768374200653,18139.474379362728,80.68278850661767,86.02763953823923,109.24132954190583,14.214711206450675
9.25,5822.779756690814,91.64763022870929,86.28423177511853,44.96164557954203,151.6340619693518,100.8322806489777,19264.96678333996,84.44568383081868,89.38759380313263,111.38588640082855,14.188279609984184
9.5,5972.4044270502,91.35258700071297,86.17680664879946,45.672666282979485,152.88001628127873,101.84299105808752,19315.419510540578,85.55505475608702,89.22400395690218,114.93473727320143,14.16081171672068
9.75,6121.311256887747,91.13539412118392,86.54724963190858,46.655323943614526,153.69327033179061,101.03201827744297,19833.857522665458,88.14693663304652,93.21854471639973,119.62347551597801,14.165472947384186
10.0,6212.059899417827,91.94271073609401,86.35235307559792,45.14731261914121,155.64898710674882,101.70402889914057,20469.952894700324,90.39553438022882,93.29938727590992,118.59279614430368,14.154190404225938
10.25,6240.07626069845,91.92373768998448,87.25582440814918,45.29337850593209,158.94782731326666,101.48364365670066,20877.565090113836,92.93921418544231,95.31038869858614,120.82058704838207,14.158408889588477
10.5,6246.530551528353,92.30666021371273,86.92081381839698,44.74201986723193,155.62404832322665,102.21909183839756,19859.834135088193,87.5243690023463,94.23674084345748,119.29682357487411,14.196641085497532
10.75,6225.902101395072,92.30740400637465,87.66926931004274,47.955546150883436,153.19763243829613,101.18826700881407,21589.71932253155,94.03324730246413,92.93490792932846,119.63632523159943,14.164212000544461
11.0,6145.550242306944,92.64404793599684,86.74044711011678,45.26572635641456,153.20945122602058,101.1253416019409,19057.10056840873,85.16709743214174,92.33446859697261,120.45965667966387,14.23410260328563
11.25,6093.8100935598295,91.97981936178425,88.01629616955437,48.12032055390827,154.15219354061801,101.29029019705614,19668.15825961278,87.61633175247285,92.72326947068116,116.43642391992142,14.274362307766795
11.5,5998.43084538836,93.03302412267864,88.46047572211916,45.62957217092448,153.62173679158184,101.14841010858287,19786.53663514818,87.5023163627797,91.15313173974504,116.625176016553,14.170997337931498
11.75,5913.283527193774,92.59875443669219,86.90552395924291,45.88370054206481,152.0380313091229,101.69997095097102,18985.729144962363,84.86806339630871,87.73189005465643,112.66927616252181,14.211970225026768
12.0,5735.10528321816,93.66196260018982,88.46643279101757,46.42312972216951,150.56070770853717,100.49184469578171,18020.862972300754,80.63782322129408,86.56689969158738,107.9785528866026,14.224984255515146
12.25,5490.757065401952,92.4028782072669,89.11766999210161,46.551814230290255,149.39489483285593,100.77315879042682,17979.22565966237,78.6674105820747,81.13785914790726,105.22109726769918,14.223600113545963
12.5,5349.831686568704,93.73736870732995,87.79319963377418,46.14327849725874,144.57801137803528,100.7660985392104,16630.727348383592,74.95204890093382,79.21762400339846,101.12039083115823,14.203797763395803
12.75,5104.856975391813,93.08904381548601,89.65929880385643,45.03257242246821,145.1670184517986,101.77515379598678,15765.763978774512,71.30214370854169,74.20878328413004,95.8889250997656,14.237134120917986
13.0,4854.692339990822,92.7838800387889,89.04280288058187,44.782379020607394,142.96734410090426,102.15530668629096,15514.045017075121,70.44920419404205,70.59816389219786,88.42977528010955,14.224112447634033
13.25,4636.876057123677,92.98595768940574,88.50289486038753,43.88801229437839,138.47855112513884,101.24777539073126,14690.80340528986,65.50033830265161,66.86738921741693,83.67706140872316,14.138116878883634
13.5,4380.726720205984,93.18486129842304,89.02583476286104,43.39688193683067,135.82395514376842,101.215589138405,13172.494854517681,59.24740307041396,61.31789386752605,78.29350102694535,14.243457803219464
13.75,4099.695553322325,93.67308676559124,89.52657959285679,42.20820958283841,137.50988425650348,101.33502608155659,12848.860096411227,58.135446610621294,56.991249769613766,72.40026801996555,14.244364541863336
14.0,3762.27674828937,93.83723646704145,89.36837610302105,41.475166165563635,134.84486195774534,101.88093915130409,12122.601955541131,52.55705873062852,53.47139481442802,66.89237989360993,14.16183569479107
14.25,3490.723628724464,93.40264122403997,89.77612718384232,41.81765106661053,131.0813861056574,100.8363234329047,11481.69771737519,49.12572423767793,46.923108130476855,60.17770100093327,14.20189689177238
14.5,3222.4846289560587,93.78985537256148,89.02949048492336,41.28969315858903,129.09690696862256,101.41918449136739,10190.288764472147,44.31679799497193,43.37059010685157,52.39294784523066,14.234166449640552
14.75,2957.509204064832,94.98458948461578,89.81146147963184,40.547853043513285,124.76532411660429,101.78759881489121,8678.758395140394,37.00576311840108,36.4944878314988,47.90549640194039,14.189534309021031
15.0,2635.828038333537,94.88753886316982,88.98850480904117,41.21179818933314,120.53617408733797,101.55054708496992,8652.064064812173,33.246415658670806,33.351496945105296,42.06956608278699,14.2536489023883
15.25,2375.904462241636,94.35114445334702,89.89583338163754,41.28988147061981,121.0676425530253,101.39479080829936,8076.967891589287,31.708279879525037,29.621578074557416,36.15559186338306,14.318193624730966
15.5,2091.8099507798192,94.26011298719061,89.54501567274691,40.34201018159673,119.48358165264524,101.80052304628357,7749.785296554401,27.470740530866927,21.278355499872706,31.080780725554614,14.16070069836825
15.75,1847.704357473279,94.40817964322117,89.76979792527575,41.19548783637561,114.56621500200569,99.94838385350037,6524.159428091672,22.4773235896416,18.783305260637054,25.566807017000524,14.13094776984231
16.0,1684.266607184965,94.76091050550424,91.07550041737547,38.93102298345567,115.00027011479706,101.63893765976545,6704.3061913903475,19.296603996366077,16.293368325134765,20.311343697696927,14.215190929780244
16.25,1497.0389307942921,94.04768818218048,91.11034071711134,39.59728963561086,113.11842275451045,100.97296215843629,6186.764575074686,18.471674708787617,11.997575403780807,15.34114475989773,14.236078125256306
16.5,1273.0429618214848,94.53428504145435,90.94173761303213,38.94812038721307,108.07203683971998,100.38468355157177,5888.200191265437,11.933634961393079,9.44283864056131,9.79801940398717,14.18845668130776
16.75,1148.5361265295553,93.93153640733036,90.04056552264437,37.94967730624535,110.233695718138,101.55560129976249,5731.370550366844,11.788115101501445,5.759808133523356,8.468093992066283,14.272663033166051
17.0,998.5990722342765,95.06727171399086,90.62481321025803,39.240167830507815,106.90900703090088,101.98682927258147,5237.2926421653165,8.269932745321674,4.193180549449357,5.394960228607057,14.133069710013837
17.25,865.2409875501742,95.29207658853026,91.66023689981363,39.10523141296544,103.89530515644549,101.23127574268615,5226.903770930621,6.644735651001535,2.169138240588129,3.2081878594861633,13.934645931151579
17.5,820.9359661472872,94.82670069302212,91.13415150393277,40.34253551094353,106.4076052313584,101.77643727360147,5554.238898012719,8.126280672787646,2.2057710268040447,0.03439538015135879,13.869706958962054
17.75,811.2058847312277,95.95410943242571,92.55649333903703,39.52915978143168,105.11897644867932,102.10613912899431,5346.266845808254,6.883652144824446,0.5146308133082338,0.0,13.985968895310364
18.0,748.9252188267014,94.65207204929939,91.51569980128596,38.106150432521424,104.92090137753121,101.95745722679202,5423.961410689486,6.627019272001277,0.3376026620752022,1.0531528533329035,13.999625767658404
18.25,796.9393096744202,94.62963275809103,91.50879924665146,40.31994578592166,106.4697788271976,102.11998226468569,5773.235602242388,7.610957614308658,0.0,0.0,13.861667170610831
18.5,671.4076468773077,95.5699475988593,91.32101568088818,39.68375803627586,103.50763847399533,101.67106374553595,4890.939280072519,5.042007683265518,0.0,0.6815006973726244,13.87252214320457
18.75,774.6570751312568,96.07621809648577,91.69858882989462,39.077334526894695,104.69411809054618,101.33771681945079,5612.416091754005,6.363905942589928,0.0,0.028318376130461172,13.942979394348988
19.0,752.6114120471451,96.48863530553075,91.63803183412132,38.30258166205379,100.28627498570859,100.49901709405141,5185.840937437829,4.379466486813088,0.39445214237829684,0.02975613949574519,13.880643467510524
19.25,741.0297794860239,95.51029650234096,92.26450682400798,37.61217807667954,104.88590893998057,101.17696875593502,5061.874334474408,5.648332704976884,0.0,0.9382838059759977,13.897729439103387
19.5,752.7528232960651,96.37122019061118,92.52287697105135,37.95691907619572,103.72401325014401,100.8783767023419,4919.675245029166,4.739713891264631,0.2897748568964129,0.0,13.90126942102712
19.75,690.3729325619732,95.90384985960253,91.58556953293109,39.00863898007521,104.27623357013788,102.3854713587489,5175.246954588857,5.193991929985437,2.075400798645439,0.09612077694098337,13.804016342190115
20.0,743.4098433648746,95.92710706768516,91.36583225205054,39.53068575570623,105.91511402695674,101.21205709378383,5461.560854696845,6.190314050873827,0.8711247034316923,0.0,13.899308112695287
20.25,760.7133771453524,96.54466864428451,91.16936626094929,39.109387052963015,104.78609278995191,101.36160240339224,5085.528017003809,3.3635586335330547,0.0,0.0,13.86551361129679
20.5,794.3368213422455,96.51752834908673,92.68151778435029,37.41273227904591,104.67526762228931,101.57574268802023,5803.274282537677,9.184774551370921,1.2012139221639448,0.0,13.87534385888001
20.75,734.4518934517906,95.49081819507717,91.81945990635774,36.71568251892381,101.97049319753727,101.32180122318623,4802.733360250696,2.987965237000596,0.0,0.22213377163371284,13.972181600173439
21.0,725.7451919132044,97.10405970628136,91.29363304944326,37.58760108553456,102.53678566018914,102.14752552021537,5071.812883761653,2.5716227744245357,0.0,0.0,13.837174655286036
21.25,734.9472886924639,97.1417470380992,92.92153997083334,35.960627533674476,103.96855371566956,100.98867531913277,5105.728594394617,7.316221747000135,0.0,1.2557561255735208,13.940660259337397
21.5,777.4620635310622,96.22397700289027,94.286362943805,37.48644180537163,106.59151122327177,101.39730372761862,5376.773211381418,6.583325387925871,0.0,0.0,13.886051853483409
21.75,759.8625332897906,96.81887078176592,92.888243229192,36.96492231792227,104.38696927945435,100.92876470715098,5458.508661688891,6.24823963410431,0.0,0.0,13.886011991575208
22.0,734.1071938869889,96.95135685950974,93.495461937426,36.56679270476813,103.99723109354086,100.63998874438964,5197.549405871176,6.25669101852856,0.0184183791895517,0.0,13.939518594802584
22.25,765.3980229934007,96.91722182786503,93.14111291632707,35.50701658274106,100.97362578052092,100.99411545454736,4678.926389850151,4.975506454306171,1.6764373122752827,1.4469778843537329,13.917002564728444
22.5,752.9123264804413,96.59345422826532,93.13150238955996,37.03502275961332,104.15790340100662,101.28148160147579,5143.092978109986,3.2054912570283367,0.32692737376416264,0.19655477651157463,13.928530649860976
22.75,779.0593497159866,96.61370383535825,93.8402828659768,36.06236323355198,102.31742676529362,101.08534888774136,5297.816091045393,5.151609116387453,0.0,1.0318445394686349,13.948409233026641
23.0,728.9384071836794,97.016842142814,93.21185976446401,35.391929264412,103.23109440164804,100.95378951006307,5206.155673824572,3.6456765769757764,0.8294055811834892,0.0,13.883434580840833
23.25,740.1701356020669,97.69529030219768,93.642840863469,33.90671592912606,105.18305035520268,100.59684126816408,5576.972770377416,6.9502394668355025,0.0,0.26705026586925884,13.86938816327461
23.5,738.2367554060353,97.4592433701268,93.77100530521031,36.00909800445484,106.12296624964107,101.25844721368566,4969.542291380388,4.705885236995723,0.23561455810856594,0.889630795623437,13.845742473672109
23.75,706.0945515560364,97.07987236486693,93.27192029580995,37.286690637256,100.59381257815483,100.5476398129845,5246.3612051441905,3.349005606414977,0.7708651938869668,0.08228398927542419,13.85872947350105
24.0,758.8836083119373,97.72799163582192,94.36200130679138,37.04979576282067,99.76509673812997,101.6800279818448,5402.216317290543,4.357228316694013,0.0,1.0654803750653512,14.047454721265435
24.25,757.8316581653967,95.994067927617,93.75502128260436,35.212069922689146,105.11251193872855,101.34121987646725,4897.394576928615,5.825862908551248,1.143754043206929,0.0,13.962233979036839
24.5,750.1534036992738,98.06816087315806,93.49899766469116,34.92527875579125,105.59552155916904,100.57122425026753,5201.103229187933,3.8725508943920506,0.3384964074944141,1.40934744018558,13.832446281689597
24.75,742.9623859987456,96.69860929017003,94.36603109451852,35.62314924868336,105.01715051620451,101.14539546147506,5009.805994822277,3.3555592088671373,0.0,2.2988981236192503,13.83387710216282
25.0,707.5388777384876,97.4611907058696,93.59596399824842,34.30834013224252,104.53083557390693,100.9239217972047,5215.072045195107,5.487374422983825,0.6327818661062848,0.0,13.924093303085924
25.25,737.3806403170393,97.15578546125646,94.24211856554625,35.19226090462793,104.01609286209198,101.45958725520958,5301.073728987079,5.4899331422174455,2.270692857804396,0.0,13.927363239868898
25.5,739.7185645041969,97.14076045867799,94.30915530329531,35.39611938796369,105.57257730752218,101.97022522301157,5045.805075417989,3.9861136492577405,0.18186625505849516,1.453384477117701,13.927444191765867
25.75,725.9316819233514,98.44027418230631,95.05483882683122,35.60931590811906,101.33684849887844,100.36241376517712,5011.997543505705,4.057923388763355,0.24822058630033608,1.5795721457307124,13.887252210322314
26.0,745.1614286500197,97.69705576016845,94.77605932701093,34.40278617611819,105.3505096184372,101.3575130395737,5236.736559214459,5.464099874715273,0.0,0.0,13.893727286999853
26.25,762.1215257044362,98.17449695864225,94.56343333279021,34.14458285786115,103.24043763116983,101.21993360221667,4837.478191538179,2.1038313170053518,0.0,0.0,13.916393976207967
26.5,806.585577036316,98.04742350395925,95.15559468533944,33.45105083337604,104.53702837022168,101.63567003822523,4840.974470875782,2.1850724512468895,0.8303358165442456,0.0,13.904294650314664
26.75,755.2373343849551,98.37835006523743,95.58482711600443,33.34473627819082,107.68395530698254,101.40659831411884,5256.939107034611,3.563111557495128,0.0,0.0,13.789034981362622
27.0,757.726511721683,98.24650043263135,95.17044469029614,33.679078461038316,104.25650270284453,100.92401533413059,4946.272277179609,4.573105696576306,0.07156623721939247,0.0,13.888510018471239
27.25,747.766622527015,97.63417401377104,94.92632014409352,34.01128344789587,103.75011667232305,101.14047303216668,5373.19404222294,5.621815131196009,0.0,0.0,13.857429678286984
27.5,692.4368635410287,98.84071173576197,94.21665690196873,34.323399356982584,105.63405306364973,100.90198707159826,5496.0535981048415,7.950712433899104,0.47897982574639186,0.0,13.908760570945423
27.75,749.2045837365235,98.16194248691556,94.44764632527996,32.786770988971824,103.21358125980805,101.8380035692993,4968.075253946072,6.7153192464040385,0.3336621052869483,0.0,14.049262950130169
28.0,751.8069062982308,97.69611315820934,94.98584715567225,34.457757557306884,103.07665989174626,101.31065582433597,5046.733234168229,4.680122940073145,1.0375399442578992,0.23421473253652075,13.918374083273713
28.25,823.8972633745586,98.32527729107198,94.88485939861361,32.903440670008585,104.61385223622362,102.2505953428765,5437.776207755363,4.961967584194622,0.0,1.5505004928140769,13.88432351569138
28.5,744.2291710565663,99.35399945899107,95.2192916318462,32.94713803775288,102.28050175862542,101.26966959309269,4897.061163783444,2.9949412707243823,0.0,0.0,13.94609007509886
28.75,759.0464202700084,99.09237548347568,95.4457006330305,32.237400059598656,104.15211316140449,100.94579661654477,5106.133991044894,4.96297372801522,0.0,0.9843223984765838,13.92413439436046
29.0,748.9586469088428,98.55595031514396,95.80909673788258,30.752261949592313,101.96312253841612,100.54314280369358,5259.829805771775,4.422682722159723,0.0,0.0,13.921004724522591
29.25,714.939658871414,98.61803232253108,95.52789189408561,33.271550029306376,105.46723843526445,100.39843016187203,5398.12346364875,5.645437120676179,0.3773004930448522,0.0,13.930342529660782
29.5,784.2846844354506,98.69360770236868,95.94034737124365,33.00246034951256,102.51556549361176,100.50793202849725,5059.838919644993,3.345538112895354,0.7569886166453519,0.6748194921666038,14.002827178241475
29.75,772.5579909806032,99.95394871044634,95.76473684065719,32.075890843907644,105.04282866088722,101.43356332550574,5147.605985282557,6.038693028482345,0.0,0.0,13.843455578233703
30.0,773.7309584112915,99.16708348787172,94.61773403090163,32.2478275261176,105.90180713244868,101.55436251161497,5696.778076073254,8.065477826005155,0.8696059201056602,0.3824097461840506,13.92368160384057
30.25,722.7183763561578,99.25107523499778,95.31573583008408,32.44644623726076,103.61167849662418,100.50940464898393,5536.037398658995,4.782479703086285,1.355637858804951,0.1664522082130561,13.853680943500922
30.5,792.083829328083,99.61053838853563,95.86857424556796,30.668422447969537,106.46722062055824,101.74751915703806,5447.422745933175,5.8034234441978825,0.41343490322370086,0.4924512640081491,13.927775632317111
30.75,707.9444681162315,99.27354302589606,95.30427151914654,31.379993236100677,103.58594694064526,101.05846947415827,5307.153741776691,6.380287983422225,1.876795812558066,0.2891686439078181,13.854065674425694
31.0,767.6057128140081,99.08279456830864,96.46448427456417,32.302483214133204,102.90475720611688,101.37339650599277,4993.145704833833,4.197559056228328,0.0,2.4553001399108942,13.879131659319745
31.25,815.7136687742993,99.17172913825371,97.096798462935,30.558865768693103,104.91943224913521,102.1061103141277,5062.813478534196,5.448184963620833,0.0,0.0,13.885245504288104
31.5,720.2839102460794,99.29111884029756,96.98281338323952,31.682554772252512,102.74472415366108,101.74841965793276,5307.271355166192,5.02518480156359,0.0,0.0,13.948790835967234
31.75,733.0110681119169,99.36475644617748,96.1960913240251,30.256278132861656,103.05405920472343,101.16573467604708,5296.834384934389,5.195352197097663,1.496044311489183,0.0,13.94592272219712
32.0,752.9895409526292,99.80306876275462,97.29059101047467,31.59867549406849,102.2124608363488,100.85440388729235,5395.865026533062,3.4539804322890673,0.6543656563540577,0.0,13.837714131177679
32.25,734.895730376514,99.52055728110861,96.55675659179643,31.107600741235277,104.56508827951517,100.22409229933534,5334.302925024846,5.049020348517885,0.0,0.0,13.90274670554999
32.5,703.480097068016,99.91568417792755,96.33611278966062,29.755901221265056,104.93186328337622,100.94042334037879,4963.664105126355,5.9959965824909,0.2799686263198203,1.1890165311075518,13.86452100726254
32.75,752.0568892441809,99.56324058225198,96.24054341207736,31.908405883828994,106.22619207699151,101.19443488058614,5610.243777537065,7.902287215590084,0.0,1.4205042479898549,13.837074754466231
33.0,718.1308885882169,99.69661155584103,96.49674109565514,30.288667140645877,106.23388217097862,100.80641023642441,5127.950501174346,6.918541652170414,2.4457519796168263,0.0,13.889149147478781
33.25,779.2725606563038,98.71135443173748,96.51437680923804,30.178096325825187,106.75182445097765,101.23437151645385,5453.527409587654,9.539184361871495,0.389431151982244,0.0,13.884575860577208
33.5,782.5113709550203,100.22125046574472,96.91801951793211,30.849003466629444,104.56054232219502,101.33842594147939,5215.833466830943,4.394031843037161,1.147383759749125,1.7825595123580653,14.021335824317275
33.75,931.0926123388539,99.98843902503116,96.98003270467117,31.57813858886836,106.32758297823561,101.18757200909596,5871.006721400069,8.82473933089733,3.050582099878897,2.3843859780098144,14.221647991268034
34.0,964.2523927127603,100.36578951585871,96.95287082365014,29.777787528297605,106.7976434706874,100.97499870958826,6111.308657959173,9.041002061666164,4.58759999371317,5.820204359199456,14.131119124962288
34.25,1108.7682941066234,98.46973311984715,97.28000205035552,30.688661071090916,109.55430507292401,101.38432733598336,6174.748205390148,15.0735262055967,6.587677344518294,8.24139879378498,14.171761299791452
34.5,1299.6087819899847,101.01261629119523,97.79846853039547,30.843335426782676,104.76285328838271,101.5209703247847,5665.348417612809,11.50018116835443,8.281218311744684,9.94323622250592,14.251069164771469
34.75,1419.4258004441472,99.94869909328905,97.71950514400967,31.052542732978267,109.09552245770864,100.75480046127858,6073.832640303415,14.236901232849194,12.672089146959769,16.958815672686406,14.304422138643496
35.0,1666.7146305512636,100.62215212953663,96.3239806210651,30.67831638344225,114.85748675733932,102.00546618987313,6536.501747033727,17.863163938860477,17.598320694429265,21.648041291564024,14.120700834388101
35.25,1922.8048388241716,99.5971813733685,95.74717282685833,30.20592955497573,113.60283023459043,101.25070593385787,6341.680712413432,18.271335328950272,20.925620562262502,24.120096171967223,14.106003780743047
35.5,2076.775502963163,100.47210661459056,97.90418741304286,30.033622246689173,117.87661501234227,101.30942481147243,7635.891532810841,25.198489956638475,25.343186626639394,29.61229844006401,14.293548258768588
35.75,2387.013247297518,99.68711377353809,96.58700650791361,30.8753243956109,120.72555970204024,101.65410721162827,7812.901964274044,28.695427346171083,27.66879377746829,35.88166680617688,14.219480708868545
36.0,2657.9997492963475,99.94956034600966,97.33528546105933,30.216110269816408,122.3501336392842,101.41660806563175,8773.703998311577,34.667565312017146,31.832087946931413,41.79343712749017,14.156585363406181
36.25,2951.6975364044815,101.26560991505744,96.83056495214743,28.98328971186126,125.68090093314474,101.77656831695661,9575.857681984393,39.34726509179955,37.498407766056786,48.18384282360728,14.22673145430612
36.5,3175.438204687611,100.25993330502315,96.51341400065324,32.158241572794545,128.60301343318326,101.4435620826009,10849.04537376079,46.8098819895565,42.59062290707516,55.73849674270715,14.068212613049155
36.75,3460.386301607472,100.51020673285538,97.98093512883456,32.71064963908739,130.16018063446248,100.99378131267977,11417.70304065272,49.40084767637211,48.59419151847096,59.82305277250597,14.200168775329857
37.0,3803.111520954553,100.88228009766813,98.1724958178448,30.19232375739626,132.87759991379005,101.48075176260305,11391.6711630106,50.78865237755045,50.772637375498704,65.47341055152073,14.216391058642154
37.25,4080.666689945833,100.74038783319753,97.43153594435198,31.579730780457492,135.25761406232772,100.72813689633966,12138.343681699394,54.53941751705804,58.90535563330416,71.09538222105101,14.246213506976892
37.5,4357.311520041481,100.61260624960319,96.2827547032083,33.534201708199554,138.11534680173574,101.35427985288825,13486.07554885395,61.61706060394828,62.02029933423102,77.81008962255493,14.149305202385372
37.75,4628.91921474336,100.76428094204554,97.56907389621128,34.735781966447696,137.89560565740877,101.28338500467777,13906.316777948801,62.145840916680214,66.39310947615309,84.3710716116742,14.204284358070167
38.0,4854.599258352644,101.82747005357484,98.19085017586758,34.215075521626666,144.64448402867384,101.19594157136373,16247.44794388249,72.4129175317087,70.23789562473982,91.79455786351777,14.15372876869702
38.25,5123.377054719131,100.64047725516306,97.12687885320034,33.91023852225504,147.0413934459978,101.23573124428053,16745.44760200413,74.83975346387268,73.76494281202669,94.7495038385122,14.212769187783715
38.5,5348.90134168582,100.81292749481793,98.18221464215495,34.37868140472019,143.19311293267612,100.35907547725118,17026.17116491841,74.99969946604206,80.10687438600766,100.37162433317037,14.155232683881849
38.75,5522.217727522043,101.28036772146895,98.12050457650896,35.72221047944697,142.97579773118815,101.02563754612952,16844.27459873605,75.65738602460749,82.87269717736463,104.5722666325709,14.179594958041989
39.0,5780.769969865447,101.3500415424637,98.53428007391035,35.27369433777836,151.27519738189284,101.34642245057056,19137.954300366713,84.59096700926608,84.63834633306894,109.72941293594492,14.150209230260488
39.25,5895.78484803456,101.43261150563978,98.31499493512297,35.10946128669142,149.9950595393275,101.3799281959987,18658.427434668516,84.07699997033342,87.34112790769723,114.48845665293996,14.232556812091183
39.5,5976.510903601074,101.19986314691693,97.71547766777675,36.04849729888054,153.30474087732054,100.78616242953701,19985.237435342224,88.80131457375747,90.55762453873342,114.28185868563575,14.242922555832832
39.75,6135.102028070688,100.3499853089505,99.07286892377553,35.144221880079684,152.54981141717934,101.93285392043235,19178.113614023347,84.7310466249553,94.3442060493092,116.573951535191,14.18826897150213
40.0,6160.665451911145,101.77878540625744,98.31495380329066,36.48077911611888,152.91055375352573,100.86691257589274,19996.781554362242,87.87252298527919,93.70241968349215,119.7330169210974,14.201911899748001
40.25,6258.547750375024,100.42907502198776,98.44837671116218,37.99980105999502,157.83003067352226,101.78472860026336,20252.962095536288,89.77766795258798,93.23664707687487,120.3532052117227,14.127570429268323
40.5,6284.757867370222,101.19334375094722,97.9590327084088,37.05532769908222,156.06009104035704,101.51359718093585,20378.423499191704,90.09396118752949,94.75425693591406,121.84670732573603,14.18501616759966
40.75,6210.314742712199,100.70427059245213,98.30680810962085,36.47520447553233,154.74782765061022,100.9768863450781,19775.810884721708,88.86704961019312,94.4670664602453,120.25524190742235,14.197489769147912
41.0,6218.807185895296,101.08832998088567,98.09523347092112,36.711890854196696,157.3111498998989,102.18765544630476,20378.525894210845,90.31697289588175,91.2651243919142,118.32956395324129,14.331039654551498
41.25,6127.788847619766,101.32338303273666,98.57524246892729,35.12115200032687,150.46572855771788,100.70318158412175,19479.753614017074,85.78466108377883,92.62088965750198,117.6540458084015,14.144401648711291
41.5,6036.911813316988,101.35789900569472,99.75849123833896,37.18271045046414,154.94279855579617,101.759577086805,19480.850263866665,86.04092297976796,90.66247470781488,115.92143103913898,14.27320886193762
41.75,5938.473649886825,101.4460190643427,97.96034619249708,36.283665930700636,152.41464728377574,101.80029115902148,19093.34059375924,84.54667092426244,89.33241304457427,112.7820064082637,14.24984293867329
42.0,5717.43509105102,102.07937611374113,97.8669390627338,36.06047665371072,151.71767077875515,100.96468989546167,18599.32642079755,82.91209992905277,87.77726332775536,109.04829369360417,14.214031820224506
42.25,5521.0361851321095,101.5363766708972,99.76893899895333,38.526997563161665,148.69257770385212,101.99623265003216,18003.768204981774,80.50688483896703,83.92594423972399,105.6553642182328,14.287931024209756
42.5,5313.423734598095,101.22425120129999,98.81137892781766,35.45666516636649,143.0575985456219,101.17497674270052,16254.021150833481,73.68876658657574,79.01481511149095,101.31713197197718,14.218605273630342
42.75,5091.9351352553385,101.86472773180174,98.5858447765955,34.216934762403596,144.3187682302528,101.44434681463993,15549.278268067357,69.41264488095888,74.31327357515082,96.64927412858593,14.219457959783396
43.0,4872.686948717578,102.01341228623245,99.66112896608008,34.784533287973645,144.7779873948101,101.43016091938561,15922.358438183594,71.30535364379702,73.82335980324987,90.64870988758966,14.197343967349122
43.25,4628.76032770295,100.84050789303394,98.72330047696009,35.50190356890074,139.1503295105369,101.23284562926473,14629.575424829061,65.4509353546807,66.879208980115,84.23708050423117,14.261178444120931
43.5,4358.097458511006,101.788292022585,100.23134862578321,34.1461641212745,135.88265902736114,101.70540413657989,13080.442969353535,59.13624918782216,62.19223652472295,78.68773334893018,14.254823461690544
43.75,4096.57264721992,101.87510750214655,99.59116407487124,33.039039787162686,139.04802702337815,101.6967443602761,12817.828466269662,59.43855081079984,57.35168022673359,73.68121041557394,14.16871613562519
44.0,3787.8433307423866,101.410320971859,98.9399235987385,34.38536659271192,129.94590154855652,100.4257340133809,12002.891355983638,52.17380895746102,52.66318676598143,65.45477212507201,14.13403764027006
44.25,3543.60602231472,102.28119363014761,100.57491675182874,33.03892065070467,134.33133617219963,101.95217012143907,11241.215638198926,49.85859436812766,47.355639588076066,60.368673308872914,14.189850968130216
44.5,3204.607021016813,101.55220926111183,98.96456706272241,34.691618531444995,125.0333692683773,100.46875400598216,9937.036379751038,43.19257727394492,41.9612359879062,53.3349533916134,14.159998071780118
44.75,3009.8479252488496,101.72358483339497,99.82032354093998,34.14799265913724,128.4450103845889,101.81627310217083,10176.178865305272,42.785248990009194,37.07733574491603,47.55404337386925,14.196823771269232
45.0,2668.973285901846,101.60748632342633,99.60132154453315,32.7314927794073,124.096900509161,101.86335256841379,9117.677548785758,37.87745942395115,32.78893949697402,42.73743220011047,14.261871906734207
45.25,2355.759504849062,101.73470678773666,100.24908306749134,33.797906216208474,119.48875655490814,100.7545167848924,8127.7545970918145,29.715764372320365,27.63658468276575,35.78690048347192,14.17713491724566
45.5,2092.8732250581666,101.21134743787479,100.45085314322044,32.88478621393276,117.19430699399663,101.0945928560227,7817.960336515504,28.193141901908707,23.037154217322833,30.04643654815614,14.19785883093442
45.75,1898.0647286529947,101.07170320319939,99.57867606780864,33.461053210421085,114.7888855126927,100.74714766575703,7227.975059364088,23.80987867674019,19.686630743799427,23.3730287214717,14.202901136740419
46.0,1653.1869489533638,102.62090400947407,99.15257219282505,33.22655539342269,114.33344565483713,101.19253948485563,6558.843610978822,21.79921234481321,15.461318980533369,20.598417184495712,14.242421544110263
46.25,1477.7717447599302,101.43177599956827,99.9253808563273,32.07379721919482,108.03460047186525,101.14598285790713,6183.922750910282,13.98649799605056,13.704613778406488,16.056794652497455,14.087655533300769
46.5,1289.4003942061013,101.3908512179119,99.28717143248016,32.38561637868736,111.49439517970181,101.68983026613466,6044.965503659802,14.488880659061618,6.420722958796991,13.622235060808622,14.169664985261734
46.75,1116.2452722130884,100.84083170689551,100.94586759841688,33.8281188503082,108.87179561106875,101.9551543730598,5751.489185714535,12.810769312860545,7.455300172161639,7.730697537980697,14.210564184613974
47.0,962.3461799407953,101.62871701101757,99.86342561389765,32.76873222576423,104.74904547879089,101.99784190539498,5239.466659651808,5.156839077343232,5.352675954474086,5.406422869107884,14.260003947821343
47.25,839.1491634477519,101.31701892656884,99.60561825218393,32.85449220571169,102.35554054407274,101.01891598671085,4828.9569172408565,4.713581032124425,0.2514252435720592,3.185992706001545,13.875404877624689
47.5,796.6986494200241,102.82963519561548,99.97856674402121,32.54443309618519,98.4620461429106,101.19538906312773,5127.033103635265,1.8502626132930642,0.6953013710638886,2.8885972357351424,13.806172364697904
47.75,790.7567515669527,102.54330081276207,99.10207375659748,33.810108634817254,102.98814272676483,100.45828090388952,4977.183370307034,4.694005777959271,0.0,0.23339074551665295,13.930985572298306
48.0,756.4228123239061,101.72378558480413,99.36961862702722,35.286070694536946,108.37703880612642,100.8970649667519,5023.301187803764,6.435084511591924,0.0,0.27902152577033923,13.868231880558717
48.25,712.6278366386404,103.22325393299968,100.71472239790197,32.9508408372327,107.76216071091099,101.78242581654872,5103.181726253475,8.004714104192056,0.0,0.6078965097165392,13.840516667045481
48.5,755.1954277755354,102.61680374794174,99.641876880774,33.94608684338287,105.16781457867626,102.10779141177412,5432.796532170135,5.14818956083955,0.0,0.1866091231563581,13.868782730514337
48.75,761.5595213918651,101.99210287651543,99.44906153028599,35.242800265799794,105.24282797493319,100.68282556406004,5301.242003286834,8.257231091142584,1.7522704434236227,0.0,13.890773732117205
49.0,723.484276913966,100.9331287241423,100.44005258062423,34.15266808474316,102.38134495978375,101.00376787042354,5367.082792670303,2.2397970835702172,0.9356783931474612,0.19408999289830758,13.869762766773087
49.25,754.6117531783658,103.35633416199435,100.86999720560982,34.73095462563936,103.06341686705716,101.28679712152054,4929.0383522291995,1.5932351212896907,1.2715550949941588,1.073631749859772,13.789721697145046
49.5,751.74626155338,101.54382902040035,100.63012427088019,33.6915094712374,102.60220411777058,101.4400805794098,4853.104667589581,4.888904602206763,0.7216720640432351,0.0,13.944853309844355
49.75,715.7108910650813,101.44339211761108,100.83622504572399,35.047309104101586,106.02755932076965,100.89519824003918,5026.054180087675,5.768130897878614,0.0,0.132969674146876,13.963743752063934
50.0,760.7336208104485,102.80457955127257,99.82403287591929,34.70386880991805,105.54586879768098,101.51203052223204,5444.473562849985,4.934610503811814,0.0,0.0,13.932576099566974
50.25,766.823535791047,103.54010270979353,99.46420911290598,35.779506206964214,102.65942839497859,101.06308032646454,4983.304209486655,0.8651157999202468,0.48937456122791806,1.1950466289248425,13.843115716478758
50.5,782.4915372952584,103.03902710765283,101.25695609832101,36.1150608082302,104.84354342536011,101.29277386456086,5080.9241014353975,4.821759920974423,0.0,0.0,13.889925423302623
50.75,781.614061561047,102.65524413705631,100.20108590699971,37.37886301961121,103.03720370993702,101.57314212400185,5098.555243265187,2.3910609989902936,0.7129984301723881,0.0,13.899673934238526
51.0,708.6699189612873,102.69680295326413,100.2824120888086,35.954285118035536,106.11611004745174,101.30321113490547,5387.658843123872,6.339345097660077,0.0,0.37721187506452086,13.929939719478094
51.25,721.8652488025463,102.85200970763407,101.26772931143638,35.90070415605904,105.40944615066499,101.08180705473671,5470.57691802331,5.733196492193697,0.0,1.5655240292343404,13.933417024435903
51.5,765.4510580162598,102.83038489699697,100.84213723090541,35.93181102000441,102.58627828803272,101.24519509803709,5388.909650592901,3.1202404273452897,0.7109599682034915,0.0,13.863291310061074
51.75,765.4135785273662,102.61688007788392,100.81920636892652,35.652597890611744,102.77877556024794,101.25581852039733,5070.551242711298,3.972266165326613,0.44426331148603976,0.0,13.904099777820676
52.0,765.4514305891814,102.5534963080043,101.88164026302573,36.353029785370055,102.99672270168517,101.11499448505893,4822.83794358296,2.881572956222097,0.0,1.8811570694405901,13.92286402023076
52.25,865.5819447196417,102.49496071970114,100.23318630529874,36.01033034779376,106.41891727918143,101.17060196866645,5111.032368624765,4.874641805453656,1.159329803364248,0.0,13.972791116107336
52.5,767.126715320795,102.17388914050703,101.21235549058761,36.55145523571724,104.38683375637298,102.09932358525235,5379.032503011495,6.910284641002477,0.0,0.0,13.935225326991235
52.75,784.066969205418,102.43490313289898,100.7259117662692,37.589397528958834,101.19630056973931,101.58045972397062,4902.117182929678,3.0285479073289125,0.6159356069442637,0.4400144500533324,13.939452834368774
53.0,778.620052904796,101.75288902267317,100.88861254727983,35.89963045437238,105.00425692146162,101.15225984098542,5073.650132195714,6.008093031035688,0.5931012579683838,0.0,13.904191331396467
53.25,769.5417375391739,102.57408430955444,101.67999481836077,37.74667361210289,104.08849961299246,101.64847720225536,5209.502144435,3.9394847632551184,0.0,0.0,13.970522957260174
53.5,740.5419226607896,102.15260758598896,101.10277755503577,38.02996176212514,103.4416553529628,101.133090255122,5103.827156917814,3.4142543354753117,0.326133022242118,0.7083564472993533,13.920488139797973
53.75,772.769076614798,102.11852218592217,101.15592428548112,37.03348153600191,105.1240556837106,101.88656231879332,5195.021176032721,4.785939280090885,0.0,0.24380071377119883,13.85694560449132
54.0,726.8152435638729,102.7834446548155,101.51103219684622,35.55960209786911,102.90772692724357,101.48482109609904,4938.554873732884,2.929515355161252,0.924027019206901,0.0,13.970168498506258
54.25,742.8954417977998,103.41244880495556,100.68285033424635,36.9144961596517,105.81676491948438,101.24634892799789,5092.164764018155,3.892701389305636,0.0,0.0,13.93489516362695
54.5,735.4390935651269,103.19832769019216,100.43230575173708,38.56773098089461,100.68504902408374,101.52385846290514,4890.800956007654,2.604244214822303,0.0,0.8724573282801447,13.877847798943575
54.75,752.4562241815897,101.97641472584183,100.34267338034297,37.703816376210455,104.62948654629504,100.51456192396574,5658.336367277851,8.929450265832779,1.0490092258368893,0.650201177958661,13.876025351630036
55.0,819.4397570002053,102.28912276446816,99.82319239438206,37.010466450708236,103.62405038768759,100.7366162655451,5412.568956761455,5.070527103943458,0.0,0.0,13.914828777257037
55.25,693.9820442222475,103.27637262368388,102.26990050661401,37.524184802692645,100.39858367047812,100.70303749680048,4753.7399078980425,3.6005489840148286,0.0,1.8466369960476658,13.923159239763377
55.5,770.5878057112354,102.33657412673168,100.40714582272629,38.73914431390491,104.3644658336148,101.37147154738184,5041.72674989093,5.427959821468444,0.0,0.0,13.90986461328156
55.75,701.6185238643104,102.73711482228558,100.96894029874608,38.62118107953787,107.52366908870557,102.16625749974254,4888.530431641357,4.77534390061834,0.6060099513456396,0.0,13.915565433672143
56.0,735.842044026317,103.14585596192723,100.96795540633528,38.1104080488702,105.18181628610039,102.41565007309632,5045.158334698676,4.558060800933554,0.0,0.0,13.984997868728817
56.25,782.668517909021,102.4078432813309,101.35056984756224,38.13868138848679,105.70207694935051,101.61902555072038,5263.1011787732605,6.22833340008685,1.7547941819843647,0.0,13.953577157611743
56.5,751.9284005728639,102.96567805797767,101.6873843562059,38.23451012120784,103.56918434177011,101.55042223747222,5009.3978072249165,6.51501542009461,0.0,0.24333944932269183,13.909531779563249
56.75,717.6676566621209,102.26674365087891,101.74577828817215,37.89786648315886,101.83832764373177,100.39947113292362,4956.346504859852,3.938997704778945,1.6964563682900382,0.0,13.947065529038372
57.0,728.540888722201,102.65363204371364,100.91093805629276,40.0334141390357,102.77488664087346,101.02866310013299,4935.098256488487,3.8483635187106398,0.2110174672026184,0.3520553965142968,13.848373804823622
57.25,770.3879324680403,103.13456172999359,101.19154214619569,38.589492587497624,103.09947344232954,100.90610812404587,5210.418712038838,4.449896605696712,0.0,0.0,13.91989635249734
57.5,728.0890010484859,102.19832625877808,101.49213628546856,39.9038606991427,103.1497364956974,100.98957620087444,5018.357092288927,0.39615767052883033,0.0,1.4437646040732595,13.990465317486654
57.75,756.4937576874593,103.23501233778728,101.2038914028842,40.244827731257125,103.23423540715704,101.2159280907076,4905.408490665418,1.9696178756028955,0.39913611435207086,0.0,13.88909770523038
58.0,751.3671551971144,103.02470938844942,102.34777792963712,39.961901806696616,104.03701689667932,101.06395471115144,5422.494840907661,7.733748534889049,0.0,1.1172958315881276,13.857618303569044
58.25,730.4519895718255,103.33033003541793,101.70796890416489,38.91180096683702,105.65406851866166,100.31035009481211,5320.29856060705,8.289935427002568,1.1033018820165215,0.34272534637770413,13.867395555570345
58.5,814.3183226797598,103.18540430242247,101.88407488196705,39.62392785053363,105.12244450333628,101.67395512805876,5117.606360509882,4.501927920887243,0.11422764866203965,0.4567532191537839,13.84551834813288
58.75,769.0175706695403,103.77468697067593,101.87039424366692,39.37408919266528,106.1657204005789,100.76362848713009,5609.426018597604,6.153113926111533,0.1503017614618776,0.5697672802322039,13.860761904593613
59.0,689.2457224002718,103.1742077873979,102.20602211388346,38.73965213411682,107.16393464736038,101.41962343205557,5508.067617448029,5.622500309087072,0.0,0.44770856001731496,13.881474595070497
59.25,755.5936294430828,102.91568270387621,101.63958012914834,39.86624117046266,107.50905701727946,102.33704133487498,5410.953368670266,11.157761616910475,0.0,0.6427227598675439,13.829721649041067
59.5,730.1464060569483,103.21013720130928,100.78165651323636,38.67128208102214,103.96751133111277,100.84030770420678,5516.539977549175,7.2391498228691535,0.3078017688920592,1.3291525301324314,13.900780916697478
59.75,775.5730000438867,103.4390553369681,101.82811803390723,40.601706268393755,100.99498834047797,100.03485623862683,5348.278974077553,4.744164817038467,0.0,0.19652116970147013,13.94511385868933
60.0,726.224377847019,103.2100709693746,101.22580378280959,39.32593918309297,102.65931957167896,101.15699788905994,4868.0670839238455,3.0889191187991485,0.0,0.7090037575885123,13.854612190992652
